<?xml version="1.0" encoding="UTF-8" standalone="yes"?>
<addon id="repository.kingheat" name="King HEAT's Repository" version="1.0.1" provider-name="King HEAT">
	<extension point="xbmc.addon.repository" name="King HEAT's Repository">
		<info compressed="false">https://raw.githubusercontent.com/kingheat/kingheatrepo/master/addons.xml</info>
		<checksum>https://raw.githubusercontent.com/kingheat/kingheatrepo/master/addons.xml.md5</checksum>
		<datadir zip="true">https://raw.githubusercontent.com/kingheat/kingheatrepo/master</datadir>
	</extension>
	<extension point="xbmc.addon.metadata">
		<summary>The King HEAT's Repository'</summary>
		<description>Download and install addons from King HEAT and other Developers.</description>
        <disclaimer>The owners and submitters to this repository do not host or distribute any of the content displayed by these addons nor do they have any affiliation with the content providers.</disclaimer>
        <platform>all</platform>
	</extension>
</addon>
